INSERT INTO public.productcategory (id, name, department, description) VALUES (1, 'Prog Basic Module', 'Programming Baiscs', 'First module of Codecool.');
INSERT INTO public.productcategory (id, name, department, description) VALUES (2, 'Web Module', 'Web', 'Second module of Codecool.');
INSERT INTO public.productcategory (id, name, department, description) VALUES (3, 'OOP Module', 'Java/OOP', 'Third module of Codecool. Object Oriented programming.');
INSERT INTO public.productcategory (id, name, department, description) VALUES (4, 'Advanced Module', 'Advanced', 'Fourth module of Codecool.');
INSERT INTO public.productcategory (id, name, department, description) VALUES (5, 'Soft Skills', 'Soft skill', 'Soft skills.');
INSERT INTO public.supplier (id, name, description) VALUES (1, 'BME', 'University');
INSERT INTO public.supplier (id, name, description) VALUES (2, 'ELTE', 'University');
INSERT INTO public.supplier (id, name, description) VALUES (3, 'Corvinus', 'University');
INSERT INTO public.supplier (id, name, description) VALUES (4, 'Pazmany', 'University');
INSERT INTO public.supplier (id, name, description) VALUES (5, 'University of Miskolc', 'University');
INSERT INTO public.supplier (id, name, description) VALUES (6, 'Bolyai', 'University');
INSERT INTO public.supplier (id, name, description) VALUES (7, 'Unknown', 'University unknown');
INSERT INTO public.product (id, name, description, price, currency, productcategoryid, supplierid) VALUES (1, 'Rudi Szabo', 'I can help you with these topics: Scratch, Python, OOP, SQL, Web (HTML+CSS+JS), PHP, (Android).', 10, 'CC', 1, 1);
INSERT INTO public.product (id, name, description, price, currency, productcategoryid, supplierid) VALUES (2, 'Immanuel Fodor', 'I can help you with these topics:, Scratch, Python, OOP, Web (HTML+CSS+JS), Java SE, Advanced PostgreSQL, PHP, Related frameworks, tools (ORM, Git, Scrum, etc), Project management, Productivity, Bitcoin.', 10, 'CC', 1, 2);
INSERT INTO public.product (id, name, description, price, currency, productcategoryid, supplierid) VALUES (3, 'Reka Tobak', 'I''m familiar with these topics: Python', 10, 'CC', 1, 6);
INSERT INTO public.product (id, name, description, price, currency, productcategoryid, supplierid) VALUES (4, 'Daniel Molnar', 'I can mainly help you with Python and Web related stuff', 15, 'CC', 2, 7);
INSERT INTO public.product (id, name, description, price, currency, productcategoryid, supplierid) VALUES (5, 'Laszlo Terray', 'I''m familiar with these topics: (Hard skills)Python', 15, 'CC', 2, 2);
INSERT INTO public.product (id, name, description, price, currency, productcategoryid, supplierid) VALUES (6, 'Arpad Torzsok', 'I can help you with these topics: Scratch, Python, SQL, anything data related, data career questions, personal issues.', 15, 'CC', 2, 3);
INSERT INTO public.product (id, name, description, price, currency, productcategoryid, supplierid) VALUES (13, 'David Nadas', 'Softskills, no szamitozas', 12.5, 'CC', 5, 2);
INSERT INTO public.product (id, name, description, price, currency, productcategoryid, supplierid) VALUES (10, 'Miki Beothy', 'Hard (tech skills): Scratch, Python, SQL, JavaScript / HTML (no CSS), Java SE, OOP programming, Clean Code, design patterns, Ruby, Ruby on Rails, Networks, protocols, Git, MacOS, Linux Soft skills: learning/motivational issues, presentational skills (prepare for a meetup/conference for example), communication skills, time management, teamwork issues, career advices', 20, 'CC', 4, 1);
INSERT INTO public.product (id, name, description, price, currency, productcategoryid, supplierid) VALUES (9, 'Balazs Farago', 'I''m Balazs Farago but you can call me Intergalactic Spacelord of the Known and Unknown Universe, or just Balazs.', 100, 'CC', 3, 4);
INSERT INTO public.product (id, name, description, price, currency, productcategoryid, supplierid) VALUES (8, 'Zoltan Sallay', 'I can help you with these topics: Java SE / EE, Algorithms, SQL, Python, OOP, Web (HTML+CSS+JS).', 100, 'CC', 3, 2);
INSERT INTO public.product (id, name, description, price, currency, productcategoryid, supplierid) VALUES (7, 'Bence Fabian', 'I can help you with these topics: Python, Java, C/C++, SW testing, Programming in general (design / clean code), Git, Programming languages, Systems programming, Networks, Unix (Linux and OS X are both Unix-based), Containers (namespaces, cgroups, docker, firejail), Graphics / audio programming.', 100, 'CC', 3, 2);
INSERT INTO public.product (id, name, description, price, currency, productcategoryid, supplierid) VALUES (11, 'Matyas Forian Szabo', 'I can help you with these topics:, Java SE, Android programming, mobile programming, C#, Xamarin, Python, OOP, Web (HTML+CSS+JS), OpenGL, graphics programming, Frameworks, tools that we learn at Codecool (ORM, Git, Scrum, etc).', 20, 'CC', 4, 4);
INSERT INTO public.product (id, name, description, price, currency, productcategoryid, supplierid) VALUES (12, 'Attila Molnar', 'I can help you with the following topics: Scratch, Python (+flask), Web (HTML, JS, minimal CSS), OOP, PostgreSQL, MS SQL, C#, ASP.NET, Entity Framework, WinForms - Related frameworks, tools (ORM, Git, Scrum, etc), Project management, Productivity tools', 20, 'CC', 4, 5);
INSERT INTO public.users (id, name, password) VALUES (1, 'user1', 'asd');
INSERT INTO public.userorder (userid, productid) VALUES (1, 1);
INSERT INTO public.checkout (userid, name, email, telephone, billcountry, billcity, billzipcode, billaddress, shipcountry, shipcity, shipzipcode, shipaddress) VALUES (1, 'Gipsz Jakab', 'jakab@freemail.hu', '30123456789', 'Hungary', 'Budapest', 1111, 'Random Street 5', 'Hungary', 'Budapest', 1111, 'Random Street 5');
